{
  "report_version": "ddh_hidden_eval_benchmark_v0",
  "fixture_name": "wraparound-seed",
  "artifact_bytes": 138256,
  "active_window_records": 180,
  "total_steps": 180,
  "curve_cost_units": 62748,
  "evaluator_ops": {
    "recoded_scalar_digits": 1248,
    "precomputed_window_bits_loaded": 16576,
    "bucket_accumulations": 3296,
    "bucket_reductions": 3980,
    "accumulator_curve_additions": 712,
    "dependency_merges": 448,
    "point_normalizations": 184
  },
  "prepare_duration_ns": 115142542,
  "config": {
    "fixture_name": "wraparound-seed",
    "primitive_warmup_iterations": 1000,
    "primitive_sample_iterations": 5000,
    "stage_warmup_iterations": 0,
    "stage_sample_iterations": 1,
    "sample_count": 3
  },
  "primitive_timings": [
    {
      "name": "share_bit",
      "sample_count": 3,
      "iterations_per_sample": 5000,
      "total_iterations": 15000,
      "latency_ns_per_op": {
        "min": 5375.3334,
        "median": 5437.5916,
        "mean": 5446.5472,
        "p95": 5526.7166,
        "max": 5526.7166
      },
      "throughput_ops_per_sec": {
        "min": 180939.2578588162,
        "median": 183904.94791848658,
        "mean": 183626.39268175184,
        "p95": 186034.9722679527,
        "max": 186034.9722679527
      }
    },
    {
      "name": "share_byte",
      "sample_count": 3,
      "iterations_per_sample": 5000,
      "total_iterations": 15000,
      "latency_ns_per_op": {
        "min": 39579.15,
        "median": 40287.0416,
        "mean": 40064.53886666666,
        "p95": 40327.425,
        "max": 40327.425
      },
      "throughput_ops_per_sec": {
        "min": 24797.020885910766,
        "median": 24821.87721622131,
        "mean": 24961.575398654768,
        "p95": 25265.82809383223,
        "max": 25265.82809383223
      }
    },
    {
      "name": "eval_add_bit",
      "sample_count": 3,
      "iterations_per_sample": 5000,
      "total_iterations": 15000,
      "latency_ns_per_op": {
        "min": 438.2334,
        "median": 444.1418,
        "mean": 443.89726666666667,
        "p95": 449.3166,
        "max": 449.3166
      },
      "throughput_ops_per_sec": {
        "min": 2225602.17005114,
        "median": 2251533.181519956,
        "mean": 2253008.136287799,
        "p95": 2281889.057292301,
        "max": 2281889.057292301
      }
    },
    {
      "name": "eval_mul_bit",
      "sample_count": 3,
      "iterations_per_sample": 5000,
      "total_iterations": 15000,
      "latency_ns_per_op": {
        "min": 1853.15,
        "median": 1877.1,
        "mean": 1881.4694,
        "p95": 1914.1582,
        "max": 1914.1582
      },
      "throughput_ops_per_sec": {
        "min": 522422.8593018069,
        "median": 532736.6682648767,
        "mean": 531593.7509124462,
        "p95": 539621.7251706553,
        "max": 539621.7251706553
      }
    },
    {
      "name": "eval_add_byte",
      "sample_count": 3,
      "iterations_per_sample": 5000,
      "total_iterations": 15000,
      "latency_ns_per_op": {
        "min": 1501.0168,
        "median": 1514.3084,
        "mean": 1531.2722666666668,
        "p95": 1578.4916,
        "max": 1578.4916
      },
      "throughput_ops_per_sec": {
        "min": 633516.199896154,
        "median": 660367.465438348,
        "mean": 653366.2423393406,
        "p95": 666215.0616835201,
        "max": 666215.0616835201
      }
    },
    {
      "name": "eval_mul_byte",
      "sample_count": 3,
      "iterations_per_sample": 5000,
      "total_iterations": 15000,
      "latency_ns_per_op": {
        "min": 1839.0334,
        "median": 1871.3916,
        "mean": 1873.0638666666666,
        "p95": 1908.7666,
        "max": 1908.7666
      },
      "throughput_ops_per_sec": {
        "min": 523898.5216945854,
        "median": 534361.7017411,
        "mean": 534008.0458915153,
        "p95": 543763.9142388605,
        "max": 543763.9142388605
      }
    }
  ],
  "stage_timings": [
    {
      "name": "input_sharing",
      "sample_count": 3,
      "iterations_per_sample": 1,
      "total_iterations": 3,
      "latency_ns_per_op": {
        "min": 1861000.0,
        "median": 1865834.0,
        "mean": 1872139.3333333333,
        "p95": 1889584.0,
        "max": 1889584.0
      },
      "throughput_ops_per_sec": {
        "min": 529.2170128451553,
        "median": 535.9533591948694,
        "mean": 534.1719617349966,
        "p95": 537.345513164965,
        "max": 537.345513164965
      }
    },
    {
      "name": "add_stage",
      "sample_count": 3,
      "iterations_per_sample": 1,
      "total_iterations": 3,
      "latency_ns_per_op": {
        "min": 2573250.0,
        "median": 2575125.0,
        "mean": 2576402.6666666665,
        "p95": 2580833.0,
        "max": 2580833.0
      },
      "throughput_ops_per_sec": {
        "min": 387.4717968965834,
        "median": 388.3306635600214,
        "mean": 388.13869378800587,
        "p95": 388.6136209074128,
        "max": 388.6136209074128
      }
    },
    {
      "name": "message_schedule",
      "sample_count": 3,
      "iterations_per_sample": 1,
      "total_iterations": 3,
      "latency_ns_per_op": {
        "min": 48170541.0,
        "median": 48455208.0,
        "mean": 48611888.666666664,
        "p95": 49209917.0,
        "max": 49209917.0
      },
      "throughput_ops_per_sec": {
        "min": 20.321107227228204,
        "median": 20.637616497281364,
        "mean": 20.572766527431227,
        "p95": 20.759575857784117,
        "max": 20.759575857784117
      }
    },
    {
      "name": "round_core",
      "sample_count": 3,
      "iterations_per_sample": 1,
      "total_iterations": 3,
      "latency_ns_per_op": {
        "min": 169725250.0,
        "median": 170356541.0,
        "mean": 170195847.0,
        "p95": 170505750.0,
        "max": 170505750.0
      },
      "throughput_ops_per_sec": {
        "min": 5.864904849249952,
        "median": 5.87004170271337,
        "mean": 5.875607267762875,
        "p95": 5.891875251325303,
        "max": 5.891875251325303
      }
    },
    {
      "name": "output_projector",
      "sample_count": 3,
      "iterations_per_sample": 1,
      "total_iterations": 3,
      "latency_ns_per_op": {
        "min": 44230250.0,
        "median": 45099042.0,
        "mean": 44817486.333333336,
        "p95": 45123167.0,
        "max": 45123167.0
      },
      "throughput_ops_per_sec": {
        "min": 22.161565033766358,
        "median": 22.17342000302357,
        "mean": 22.314648699502246,
        "p95": 22.608961061716812,
        "max": 22.608961061716812
      }
    },
    {
      "name": "total_hidden_eval",
      "sample_count": 3,
      "iterations_per_sample": 1,
      "total_iterations": 3,
      "latency_ns_per_op": {
        "min": 322265666.0,
        "median": 323511042.0,
        "mean": 323107569.3333333,
        "p95": 323546000.0,
        "max": 323546000.0
      },
      "throughput_ops_per_sec": {
        "min": 3.0907506196954992,
        "median": 3.091084600444643,
        "mean": 3.0949550427966055,
        "p95": 3.103029908249674,
        "max": 3.103029908249674
      }
    }
  ],
  "substage_timings": [
    {
      "name": "message_schedule_accumulation",
      "sample_count": 3,
      "iterations_per_sample": 1,
      "total_iterations": 3,
      "latency_ns_per_op": {
        "min": 35618875.0,
        "median": 36048293.0,
        "mean": 36032930.666666664,
        "p95": 36431624.0,
        "max": 36431624.0
      },
      "throughput_ops_per_sec": {
        "min": 27.448680300389572,
        "median": 27.740564580963653,
        "mean": 27.75474908339385,
        "p95": 28.075002368828326,
        "max": 28.075002368828326
      }
    },
    {
      "name": "message_schedule_accumulation_xor_ab",
      "sample_count": 3,
      "iterations_per_sample": 1,
      "total_iterations": 3,
      "latency_ns_per_op": {
        "min": 0.0,
        "median": 0.0,
        "mean": 0.0,
        "p95": 0.0,