{
  "report_version": "ddh_hidden_eval_benchmark_v0",
  "fixture_name": "wraparound-seed",
  "artifact_bytes": 138256,
  "active_window_records": 180,
  "total_steps": 180,
  "curve_cost_units": 62748,
  "evaluator_ops": {
    "recoded_scalar_digits": 1248,
    "precomputed_window_bits_loaded": 16576,
    "bucket_accumulations": 3296,
    "bucket_reductions": 3980,
    "accumulator_curve_additions": 712,
    "dependency_merges": 448,
    "point_normalizations": 184
  },
  "prepare_duration_ns": 90104958,
  "config": {
    "fixture_name": "wraparound-seed",
    "primitive_warmup_iterations": 1000,
    "primitive_sample_iterations": 10000,
    "stage_warmup_iterations": 0,
    "stage_sample_iterations": 1,
    "sample_count": 10
  },
  "primitive_timings": [
    {
      "name": "share_bit",
      "sample_count": 10,
      "iterations_per_sample": 10000,
      "total_iterations": 100000,
      "latency_ns_per_op": {
        "min": 5619.9666,
        "median": 5633.4896,
        "mean": 5642.334570000001,
        "p95": 5709.1,
        "max": 5709.1
      },
      "throughput_ops_per_sec": {
        "min": 175158.95675325356,
        "median": 177509.89720759564,
        "mean": 177235.8657500927,
        "p95": 177937.00055085737,
        "max": 177937.00055085737
      }
    },
    {
      "name": "share_byte",
      "sample_count": 10,
      "iterations_per_sample": 10000,
      "total_iterations": 100000,
      "latency_ns_per_op": {
        "min": 41396.3459,
        "median": 41662.58335,
        "mean": 41762.30709999999,
        "p95": 42248.9542,
        "max": 42248.9542
      },
      "throughput_ops_per_sec": {
        "min": 23669.22492959601,
        "median": 24002.510749209487,
        "mean": 23946.221236609745,
        "p95": 24156.721523577762,
        "max": 24156.721523577762
      }
    },
    {
      "name": "eval_add_bit",
      "sample_count": 10,
      "iterations_per_sample": 10000,
      "total_iterations": 100000,
      "latency_ns_per_op": {
        "min": 432.8209,
        "median": 463.55625,
        "mean": 458.39667999999995,
        "p95": 473.2208,
        "max": 473.2208
      },
      "throughput_ops_per_sec": {
        "min": 2113178.4570754287,
        "median": 2157237.5924750306,
        "mean": 2183202.4004937643,
        "p95": 2310424.473494695,
        "max": 2310424.473494695
      }
    },
    {
      "name": "eval_mul_bit",
      "sample_count": 10,
      "iterations_per_sample": 10000,
      "total_iterations": 100000,
      "latency_ns_per_op": {
        "min": 1960.9333,
        "median": 2009.6125000000002,
        "mean": 2022.7570600000004,
        "p95": 2152.5875,
        "max": 2152.5875
      },
      "throughput_ops_per_sec": {
        "min": 464557.18989355833,
        "median": 497608.70522541716,
        "mean": 494696.6766960579,
        "p95": 509961.25161421864,
        "max": 509961.25161421864
      }
    },
    {
      "name": "eval_add_byte",
      "sample_count": 10,
      "iterations_per_sample": 10000,
      "total_iterations": 100000,
      "latency_ns_per_op": {
        "min": 1561.7708,
        "median": 1633.4042,
        "mean": 1652.30835,
        "p95": 1884.25,
        "max": 1884.25
      },
      "throughput_ops_per_sec": {
        "min": 530715.13864933,
        "median": 612228.7260817671,
        "mean": 606868.6168276338,
        "p95": 640298.8197756035,
        "max": 640298.8197756035
      }
    },
    {
      "name": "eval_mul_byte",
      "sample_count": 10,
      "iterations_per_sample": 10000,
      "total_iterations": 100000,
      "latency_ns_per_op": {
        "min": 1963.4041,
        "median": 1981.3604,
        "mean": 1988.8520800000001,
        "p95": 2031.2375,
        "max": 2031.2375
      },
      "throughput_ops_per_sec": {
        "min": 492310.72191213485,
        "median": 504706.07142072485,
        "mean": 502859.39512007934,
        "p95": 509319.50279618957,
        "max": 509319.50279618957
      }
    }
  ],
  "stage_timings": [
    {
      "name": "input_sharing",
      "sample_count": 10,
      "iterations_per_sample": 1,
      "total_iterations": 10,
      "latency_ns_per_op": {
        "min": 1867792.0,
        "median": 1959958.5,
        "mean": 1973912.6,
        "p95": 2153167.0,
        "max": 2153167.0
      },
      "throughput_ops_per_sec": {
        "min": 464.4321596977847,
        "median": 510.251966883495,
        "mean": 507.4405634113048,
        "p95": 535.3915211115584,
        "max": 535.3915211115584
      }
    },
    {
      "name": "add_stage",
      "sample_count": 10,
      "iterations_per_sample": 1,
      "total_iterations": 10,
      "latency_ns_per_op": {
        "min": 1641000.0,
        "median": 1709937.5,
        "mean": 1768795.8,
        "p95": 2010667.0,
        "max": 2010667.0
      },
      "throughput_ops_per_sec": {
        "min": 497.34739765460915,
        "median": 584.830517306737,
        "mean": 567.8563052039831,
        "p95": 609.3845216331505,
        "max": 609.3845216331505
      }
    },
    {
      "name": "message_schedule",
      "sample_count": 10,
      "iterations_per_sample": 1,
      "total_iterations": 10,
      "latency_ns_per_op": {
        "min": 42088083.0,
        "median": 42850313.0,
        "mean": 42782366.7,
        "p95": 43613625.0,
        "max": 43613625.0
      },
      "throughput_ops_per_sec": {
        "min": 22.92861462444362,
        "median": 23.337134213020768,
        "mean": 23.3762655942254,
        "p95": 23.75969463850373,
        "max": 23.75969463850373
      }
    },
    {
      "name": "round_core",
      "sample_count": 10,
      "iterations_per_sample": 1,
      "total_iterations": 10,
      "latency_ns_per_op": {
        "min": 134318250.0,
        "median": 135250750.0,
        "mean": 135931841.8,
        "p95": 139771167.0,
        "max": 139771167.0
      },
      "throughput_ops_per_sec": {
        "min": 7.154551410449338,
        "median": 7.3936948189741205,
        "mean": 7.357742802336695,
        "p95": 7.445004681046693,
        "max": 7.445004681046693
      }
    },
    {
      "name": "output_projector",
      "sample_count": 10,
      "iterations_per_sample": 1,
      "total_iterations": 10,
      "latency_ns_per_op": {
        "min": 30712208.0,
        "median": 30938833.5,
        "mean": 31138796.0,
        "p95": 32628625.0,
        "max": 32628625.0
      },
      "throughput_ops_per_sec": {
        "min": 30.647935669983028,
        "median": 32.32197836551991,
        "mean": 32.12407795238196,
        "p95": 32.56034212844612,
        "max": 32.56034212844612
      }
    },
    {
      "name": "total_hidden_eval",
      "sample_count": 10,
      "iterations_per_sample": 1,
      "total_iterations": 10,
      "latency_ns_per_op": {
        "min": 275118625.0,
        "median": 276045625.0,
        "mean": 276660004.2,
        "p95": 281505250.0,
        "max": 281505250.0
      },
      "throughput_ops_per_sec": {
        "min": 3.5523316172611348,
        "median": 3.622590230894618,
        "mean": 3.614701453316338,
        "p95": 3.6347957176654253,
        "max": 3.6347957176654253
      }
    }
  ],
  "substage_timings": [
    {
      "name": "message_schedule_accumulation",
      "sample_count": 10,
      "iterations_per_sample": 1,
      "total_iterations": 10,
      "latency_ns_per_op": {
        "min": 34645705.0,
        "median": 35256186.5,
        "mean": 35212999.1,
        "p95": 36041837.0,
        "max": 36041837.0
      },
      "throughput_ops_per_sec": {
        "min": 27.745533614171777,
        "median": 28.363817157205332,
        "mean": 28.401588332052206,
        "p95": 28.863606614441817,
        "max": 28.863606614441817
      }
    },
    {
      "name": "round_sigma1",
      "sample_count": 10,
      "iterations_per_sample": 1,
      "total_iterations": 10,
      "latency_ns_per_op": {
        "min": 4609504.0,
        "median": 4714123.0,
        "mean": 4730090.0,