{
  "report_version": "ddh_hidden_eval_benchmark_v0",
  "fixture_name": "wraparound-seed",
  "artifact_bytes": 138256,
  "active_window_records": 180,
  "total_steps": 180,
  "curve_cost_units": 62748,
  "evaluator_ops": {
    "recoded_scalar_digits": 1248,
    "precomputed_window_bits_loaded": 16576,
    "bucket_accumulations": 3296,
    "bucket_reductions": 3980,
    "accumulator_curve_additions": 712,
    "dependency_merges": 448,
    "point_normalizations": 184
  },
  "prepare_duration_ns": 86407709,
  "config": {
    "fixture_name": "wraparound-seed",
    "primitive_warmup_iterations": 1000,
    "primitive_sample_iterations": 10000,
    "stage_warmup_iterations": 0,
    "stage_sample_iterations": 1,
    "sample_count": 10
  },
  "primitive_timings": [
    {
      "name": "share_bit",
      "sample_count": 10,
      "iterations_per_sample": 10000,
      "total_iterations": 100000,
      "latency_ns_per_op": {
        "min": 5980.4541,
        "median": 6136.160449999999,
        "mean": 6112.90999,
        "p95": 6247.0917,
        "max": 6247.0917
      },
      "throughput_ops_per_sec": {
        "min": 160074.48714095232,
        "median": 162968.36001562586,
        "mean": 163610.9450551787,
        "p95": 167211.3828279361,
        "max": 167211.3828279361
      }
    },
    {
      "name": "share_byte",
      "sample_count": 10,
      "iterations_per_sample": 10000,
      "total_iterations": 100000,
      "latency_ns_per_op": {
        "min": 40335.4542,
        "median": 41551.13965,
        "mean": 41872.62584,
        "p95": 43502.3083,
        "max": 43502.3083
      },
      "throughput_ops_per_sec": {
        "min": 22987.285941330156,
        "median": 24067.22715016803,
        "mean": 23896.209606437405,
        "p95": 24792.08477587938,
        "max": 24792.08477587938
      }
    },
    {
      "name": "eval_add_bit",
      "sample_count": 10,
      "iterations_per_sample": 10000,
      "total_iterations": 100000,
      "latency_ns_per_op": {
        "min": 446.5875,
        "median": 454.6688,
        "mean": 455.0858299999999,
        "p95": 461.6208,
        "max": 461.6208
      },
      "throughput_ops_per_sec": {
        "min": 2166280.2022785805,
        "median": 2199430.906344382,
        "mean": 2197630.445961858,
        "p95": 2239202.843787612,
        "max": 2239202.843787612
      }
    },
    {
      "name": "eval_mul_bit",
      "sample_count": 10,
      "iterations_per_sample": 10000,
      "total_iterations": 100000,
      "latency_ns_per_op": {
        "min": 1972.6834,
        "median": 2007.96875,
        "mean": 2015.0533500000001,
        "p95": 2054.0625,
        "max": 2054.0625
      },
      "throughput_ops_per_sec": {
        "min": 486840.10345352197,
        "median": 498015.72346106113,
        "mean": 496325.3680953638,
        "p95": 506923.7161928772,
        "max": 506923.7161928772
      }
    },
    {
      "name": "eval_add_byte",
      "sample_count": 10,
      "iterations_per_sample": 10000,
      "total_iterations": 100000,
      "latency_ns_per_op": {
        "min": 1592.7292,
        "median": 1637.57915,
        "mean": 1630.4208199999998,
        "p95": 1648.4416,
        "max": 1648.4416
      },
      "throughput_ops_per_sec": {
        "min": 606633.5622687512,
        "median": 610658.7727496508,
        "mean": 613408.2649217553,
        "p95": 627853.1215475927,
        "max": 627853.1215475927
      }
    },
    {
      "name": "eval_mul_byte",
      "sample_count": 10,
      "iterations_per_sample": 10000,
      "total_iterations": 100000,
      "latency_ns_per_op": {
        "min": 1956.2041,
        "median": 2024.99585,
        "mean": 2016.3866699999999,
        "p95": 2068.5542,
        "max": 2068.5542
      },
      "throughput_ops_per_sec": {
        "min": 483429.44071757945,
        "median": 493867.42945496226,
        "mean": 496098.6421856462,
        "p95": 511194.10290572443,
        "max": 511194.10290572443
      }
    }
  ],
  "stage_timings": [
    {
      "name": "input_sharing",
      "sample_count": 10,
      "iterations_per_sample": 1,
      "total_iterations": 10,
      "latency_ns_per_op": {
        "min": 1856125.0,
        "median": 2025187.0,
        "mean": 1996791.7,
        "p95": 2165875.0,
        "max": 2165875.0
      },
      "throughput_ops_per_sec": {
        "min": 461.7071622323541,
        "median": 493.78301908539197,
        "mean": 502.22256874898704,
        "p95": 538.7568186409859,
        "max": 538.7568186409859
      }
    },
    {
      "name": "add_stage",
      "sample_count": 10,
      "iterations_per_sample": 1,
      "total_iterations": 10,
      "latency_ns_per_op": {
        "min": 1599750.0,
        "median": 1751479.5,
        "mean": 1729271.1,
        "p95": 1864417.0,
        "max": 1864417.0
      },
      "throughput_ops_per_sec": {
        "min": 536.3606961318203,
        "median": 570.9519872136923,
        "mean": 580.2587192308956,
        "p95": 625.0976715111736,
        "max": 625.0976715111736
      }
    },
    {
      "name": "message_schedule",
      "sample_count": 10,
      "iterations_per_sample": 1,
      "total_iterations": 10,
      "latency_ns_per_op": {
        "min": 40473166.0,
        "median": 41798896.0,
        "mean": 42147099.9,
        "p95": 44655792.0,
        "max": 44655792.0
      },
      "throughput_ops_per_sec": {
        "min": 22.393511686009287,
        "median": 23.92428478506682,
        "mean": 23.74336080287593,
        "p95": 24.70772857255595,
        "max": 24.70772857255595
      }
    },
    {
      "name": "round_core",
      "sample_count": 10,
      "iterations_per_sample": 1,
      "total_iterations": 10,
      "latency_ns_per_op": {
        "min": 129969500.0,
        "median": 132422770.5,
        "mean": 132871141.6,
        "p95": 137791042.0,
        "max": 137791042.0
      },
      "throughput_ops_per_sec": {
        "min": 7.257365830791816,
        "median": 7.551873971637594,
        "mean": 7.528222133811353,
        "p95": 7.694112849553164,
        "max": 7.694112849553164
      }
    },
    {
      "name": "output_projector",
      "sample_count": 10,
      "iterations_per_sample": 1,
      "total_iterations": 10,
      "latency_ns_per_op": {
        "min": 29601750.0,
        "median": 30194458.0,
        "mean": 30341500.0,
        "p95": 31153459.0,
        "max": 31153459.0
      },
      "throughput_ops_per_sec": {
        "min": 32.09916433356565,
        "median": 33.11866806649577,
        "mean": 32.967429801612035,
        "p95": 33.781786549781685,
        "max": 33.781786549781685
      }
    },
    {
      "name": "total_hidden_eval",
      "sample_count": 10,
      "iterations_per_sample": 1,
      "total_iterations": 10,
      "latency_ns_per_op": {
        "min": 264995084.0,
        "median": 274413083.0,
        "mean": 273663087.5,
        "p95": 286086875.0,
        "max": 286086875.0
      },
      "throughput_ops_per_sec": {
        "min": 3.495441725524808,
        "median": 3.6444317441121905,
        "mean": 3.6565966596339954,
        "p95": 3.7736549105190194,
        "max": 3.7736549105190194
      }
    }
  ],
  "substage_timings": [
    {
      "name": "message_schedule_accumulation",
      "sample_count": 10,
      "iterations_per_sample": 1,
      "total_iterations": 10,
      "latency_ns_per_op": {
        "min": 33351874.0,
        "median": 34447769.0,
        "mean": 34648391.8,
        "p95": 36751668.0,
        "max": 36751668.0
      },
      "throughput_ops_per_sec": {
        "min": 27.209649368839532,
        "median": 29.029769803956636,
        "mean": 28.879511787855485,
        "p95": 29.98332267626101,
        "max": 29.98332267626101
      }
    },
    {
      "name": "round_sigma1",
      "sample_count": 10,
      "iterations_per_sample": 1,
      "total_iterations": 10,
      "latency_ns_per_op": {
        "min": 4479544.0,
        "median": 4588001.5,
        "mean": 4591297.4,