{
  "report_version": "ddh_hidden_eval_benchmark_v0",
  "fixture_name": "wraparound-seed",
  "artifact_bytes": 138256,
  "active_window_records": 180,
  "total_steps": 180,
  "curve_cost_units": 62748,
  "evaluator_ops": {
    "recoded_scalar_digits": 1248,
    "precomputed_window_bits_loaded": 16576,
    "bucket_accumulations": 3296,
    "bucket_reductions": 3980,
    "accumulator_curve_additions": 712,
    "dependency_merges": 448,
    "point_normalizations": 184
  },
  "prepare_duration_ns": 94576541,
  "config": {
    "fixture_name": "wraparound-seed",
    "primitive_warmup_iterations": 1000,
    "primitive_sample_iterations": 5000,
    "stage_warmup_iterations": 0,
    "stage_sample_iterations": 1,
    "sample_count": 3
  },
  "primitive_timings": [
    {
      "name": "share_bit",
      "sample_count": 3,
      "iterations_per_sample": 5000,
      "total_iterations": 15000,
      "latency_ns_per_op": {
        "min": 5644.1416,
        "median": 5688.6166,
        "mean": 5698.908266666666,
        "p95": 5763.9666,
        "max": 5763.9666
      },
      "throughput_ops_per_sec": {
        "min": 173491.63681829802,
        "median": 175789.66387012266,
        "mean": 175485.38702605804,
        "p95": 177174.8603897535,
        "max": 177174.8603897535
      }
    },
    {
      "name": "share_byte",
      "sample_count": 3,
      "iterations_per_sample": 5000,
      "total_iterations": 15000,
      "latency_ns_per_op": {
        "min": 41338.55,
        "median": 41715.625,
        "mean": 41599.06946666667,
        "p95": 41743.0334,
        "max": 41743.0334
      },
      "throughput_ops_per_sec": {
        "min": 23956.093233990992,
        "median": 23971.83309611207,
        "mean": 24039.473880863272,
        "p95": 24190.495312486768,
        "max": 24190.495312486768
      }
    },
    {
      "name": "eval_add_bit",
      "sample_count": 3,
      "iterations_per_sample": 5000,
      "total_iterations": 15000,
      "latency_ns_per_op": {
        "min": 455.9084,
        "median": 460.6584,
        "mean": 464.34999999999997,
        "p95": 476.4832,
        "max": 476.4832
      },
      "throughput_ops_per_sec": {
        "min": 2098709.8810619134,
        "median": 2170805.9594701845,
        "mean": 2154312.9684469104,
        "p95": 2193423.0648086327,
        "max": 2193423.0648086327
      }
    },
    {
      "name": "eval_mul_bit",
      "sample_count": 3,
      "iterations_per_sample": 5000,
      "total_iterations": 15000,
      "latency_ns_per_op": {
        "min": 1966.8584,
        "median": 1983.3668,
        "mean": 1979.5944666666667,
        "p95": 1988.5582,
        "max": 1988.5582
      },
      "throughput_ops_per_sec": {
        "min": 502876.90850587125,
        "median": 504193.1729420902,
        "mean": 505165.0301964811,
        "p95": 508425.00914148166,
        "max": 508425.00914148166
      }
    },
    {
      "name": "eval_add_byte",
      "sample_count": 3,
      "iterations_per_sample": 5000,
      "total_iterations": 15000,
      "latency_ns_per_op": {
        "min": 1594.7668,
        "median": 1600.1,
        "mean": 1616.0612,
        "p95": 1653.3168,
        "max": 1653.3168
      },
      "throughput_ops_per_sec": {
        "min": 604844.7581250006,
        "median": 624960.9399412537,
        "mean": 618952.208295049,
        "p95": 627050.9268188928,
        "max": 627050.9268188928
      }
    },
    {
      "name": "eval_mul_byte",
      "sample_count": 3,
      "iterations_per_sample": 5000,
      "total_iterations": 15000,
      "latency_ns_per_op": {
        "min": 1999.1832,
        "median": 2028.1332,
        "mean": 2024.711,
        "p95": 2046.8166,
        "max": 2046.8166
      },
      "throughput_ops_per_sec": {
        "min": 488563.5576729248,
        "median": 493064.2622486531,
        "mean": 493944.0344503101,
        "p95": 500204.28342935257,
        "max": 500204.28342935257
      }
    }
  ],
  "stage_timings": [
    {
      "name": "input_sharing",
      "sample_count": 3,
      "iterations_per_sample": 1,
      "total_iterations": 3,
      "latency_ns_per_op": {
        "min": 1949041.0,
        "median": 1971791.0,
        "mean": 1986583.0,
        "p95": 2038917.0,
        "max": 2038917.0
      },
      "throughput_ops_per_sec": {
        "min": 490.4564531072133,
        "median": 507.15314148406196,
        "mean": 503.560811334356,
        "p95": 513.0728394117928,
        "max": 513.0728394117928
      }
    },
    {
      "name": "add_stage",
      "sample_count": 3,
      "iterations_per_sample": 1,
      "total_iterations": 3,
      "latency_ns_per_op": {
        "min": 2690583.0,
        "median": 2723208.0,
        "mean": 2718083.0,
        "p95": 2740458.0,
        "max": 2740458.0
      },
      "throughput_ops_per_sec": {
        "min": 364.9025089966714,
        "median": 367.2139623561623,
        "mean": 367.9277108148335,
        "p95": 371.66666109166675,
        "max": 371.66666109166675
      }
    },
    {
      "name": "message_schedule",
      "sample_count": 3,
      "iterations_per_sample": 1,
      "total_iterations": 3,
      "latency_ns_per_op": {
        "min": 50883334.0,
        "median": 50982958.0,
        "mean": 51037972.333333336,
        "p95": 51247625.0,
        "max": 51247625.0
      },
      "throughput_ops_per_sec": {
        "min": 19.51309938753259,
        "median": 19.614397422762327,
        "mean": 19.593432358960406,
        "p95": 19.652800266586304,
        "max": 19.652800266586304
      }
    },
    {
      "name": "round_core",
      "sample_count": 3,
      "iterations_per_sample": 1,
      "total_iterations": 3,
      "latency_ns_per_op": {
        "min": 177875166.0,
        "median": 179114125.0,
        "mean": 179924541.66666666,
        "p95": 182784334.0,
        "max": 182784334.0
      },
      "throughput_ops_per_sec": {
        "min": 5.470928378358727,
        "median": 5.583032605608296,
        "mean": 5.558627082285071,
        "p95": 5.621920262888188,
        "max": 5.621920262888188
      }
    },
    {
      "name": "output_projector",
      "sample_count": 3,
      "iterations_per_sample": 1,
      "total_iterations": 3,
      "latency_ns_per_op": {
        "min": 46109583.0,
        "median": 46403125.0,
        "mean": 46454597.333333336,
        "p95": 46851084.0,
        "max": 46851084.0
      },
      "throughput_ops_per_sec": {
        "min": 21.34422332682847,
        "median": 21.550272745639436,
        "mean": 21.527320592602432,
        "p95": 21.687465705339388,
        "max": 21.687465705339388
      }
    },
    {
      "name": "total_hidden_eval",
      "sample_count": 3,
      "iterations_per_sample": 1,
      "total_iterations": 3,
      "latency_ns_per_op": {
        "min": 338143292.0,
        "median": 338280375.0,
        "mean": 338611861.3333333,
        "p95": 339411917.0,
        "max": 339411917.0
      },
      "throughput_ops_per_sec": {
        "min": 2.9462725081629944,
        "median": 2.9561277387137816,
        "mean": 2.9532421324118467,
        "p95": 2.9573261503587656,
        "max": 2.9573261503587656
      }
    }
  ],
  "substage_timings": [
    {
      "name": "message_schedule_accumulation",
      "sample_count": 3,
      "iterations_per_sample": 1,
      "total_iterations": 3,
      "latency_ns_per_op": {
        "min": 37631836.0,
        "median": 37839581.0,
        "mean": 37797485.666666664,
        "p95": 37921040.0,
        "max": 37921040.0
      },
      "throughput_ops_per_sec": {
        "min": 26.370584772991457,
        "median": 26.42735393925213,
        "mean": 26.45706125665515,
        "p95": 26.57324505772187,
        "max": 26.57324505772187
      }
    },
    {
      "name": "message_schedule_accumulation_xor_ab",
      "sample_count": 3,
      "iterations_per_sample": 1,
      "total_iterations": 3,
      "latency_ns_per_op": {
        "min": 0.0,
        "median": 0.0,
        "mean": 0.0,
        "p95": 0.0,