{
  "report_version": "ddh_hidden_eval_benchmark_v0",
  "fixture_name": "wraparound-seed",
  "artifact_bytes": 138256,
  "active_window_records": 180,
  "total_steps": 180,
  "curve_cost_units": 62748,
  "evaluator_ops": {
    "recoded_scalar_digits": 1248,
    "precomputed_window_bits_loaded": 16576,
    "bucket_accumulations": 3296,
    "bucket_reductions": 3980,
    "accumulator_curve_additions": 712,
    "dependency_merges": 448,
    "point_normalizations": 184
  },
  "prepare_duration_ns": 110887541,
  "config": {
    "fixture_name": "wraparound-seed",
    "primitive_warmup_iterations": 1000,
    "primitive_sample_iterations": 5000,
    "stage_warmup_iterations": 0,
    "stage_sample_iterations": 1,
    "sample_count": 3
  },
  "primitive_timings": [
    {
      "name": "share_bit",
      "sample_count": 3,
      "iterations_per_sample": 5000,
      "total_iterations": 15000,
      "latency_ns_per_op": {
        "min": 5392.8084,
        "median": 5472.0832,
        "mean": 5468.786066666667,
        "p95": 5541.4666,
        "max": 5541.4666
      },
      "throughput_ops_per_sec": {
        "min": 180457.64274749937,
        "median": 182745.75942120177,
        "mean": 182878.51391889178,
        "p95": 185432.13958797423,
        "max": 185432.13958797423
      }
    },
    {
      "name": "share_byte",
      "sample_count": 3,
      "iterations_per_sample": 5000,
      "total_iterations": 15000,
      "latency_ns_per_op": {
        "min": 39569.825,
        "median": 39733.2166,
        "mean": 39734.88053333334,
        "p95": 39901.6,
        "max": 39901.6
      },
      "throughput_ops_per_sec": {
        "min": 25061.651663091205,
        "median": 25167.859176042646,
        "mean": 25167.09768735924,
        "p95": 25271.782222943875,
        "max": 25271.782222943875
      }
    },
    {
      "name": "eval_add_bit",
      "sample_count": 3,
      "iterations_per_sample": 5000,
      "total_iterations": 15000,
      "latency_ns_per_op": {
        "min": 441.7418,
        "median": 443.3166,
        "mean": 444.93059999999997,
        "p95": 449.7334,
        "max": 449.7334
      },
      "throughput_ops_per_sec": {
        "min": 2223539.5458731772,
        "median": 2255724.238614119,
        "mean": 2247676.543804722,
        "p95": 2263765.84692687,
        "max": 2263765.84692687
      }
    },
    {
      "name": "eval_mul_bit",
      "sample_count": 3,
      "iterations_per_sample": 5000,
      "total_iterations": 15000,
      "latency_ns_per_op": {
        "min": 1857.0834,
        "median": 1867.7166,
        "mean": 1879.2388666666666,
        "p95": 1912.9166,
        "max": 1912.9166
      },
      "throughput_ops_per_sec": {
        "min": 522761.94372509496,
        "median": 535413.1349477753,
        "mean": 532217.952246532,
        "p95": 538478.7780667255,
        "max": 538478.7780667255
      }
    },
    {
      "name": "eval_add_byte",
      "sample_count": 3,
      "iterations_per_sample": 5000,
      "total_iterations": 15000,
      "latency_ns_per_op": {
        "min": 1519.6916,
        "median": 1536.85,
        "mean": 1547.7666666666667,
        "p95": 1586.7584,
        "max": 1586.7584
      },
      "throughput_ops_per_sec": {
        "min": 630215.6648422343,
        "median": 650681.5889644403,
        "mean": 646308.5003722842,
        "p95": 658028.2473101779,
        "max": 658028.2473101779
      }
    },
    {
      "name": "eval_mul_byte",
      "sample_count": 3,
      "iterations_per_sample": 5000,
      "total_iterations": 15000,
      "latency_ns_per_op": {
        "min": 1893.5416,
        "median": 1896.1918,
        "mean": 1899.0833333333333,
        "p95": 1907.5166,
        "max": 1907.5166
      },
      "throughput_ops_per_sec": {
        "min": 524241.8335966251,
        "median": 527372.8111259631,
        "mean": 526575.1888685627,
        "p95": 528110.9218831,
        "max": 528110.9218831
      }
    }
  ],
  "stage_timings": [
    {
      "name": "input_sharing",
      "sample_count": 3,
      "iterations_per_sample": 1,
      "total_iterations": 3,
      "latency_ns_per_op": {
        "min": 1855833.0,
        "median": 1868500.0,
        "mean": 1866388.6666666667,
        "p95": 1874833.0,
        "max": 1874833.0
      },
      "throughput_ops_per_sec": {
        "min": 533.380839786797,
        "median": 535.1886540005352,
        "mean": 535.8036937885082,
        "p95": 538.8415875781926,
        "max": 538.8415875781926
      }
    },
    {
      "name": "add_stage",
      "sample_count": 3,
      "iterations_per_sample": 1,
      "total_iterations": 3,
      "latency_ns_per_op": {
        "min": 2581250.0,
        "median": 2586042.0,
        "mean": 2727652.6666666665,
        "p95": 3015666.0,
        "max": 3015666.0
      },
      "throughput_ops_per_sec": {
        "min": 331.6017092078499,
        "median": 386.6913221053641,
        "mean": 368.567410760579,
        "p95": 387.409200968523,
        "max": 387.409200968523
      }
    },
    {
      "name": "message_schedule",
      "sample_count": 3,
      "iterations_per_sample": 1,
      "total_iterations": 3,
      "latency_ns_per_op": {
        "min": 48637833.0,
        "median": 49033041.0,
        "mean": 49060235.666666664,
        "p95": 49509833.0,
        "max": 49509833.0
      },
      "throughput_ops_per_sec": {
        "min": 20.198007939150187,
        "median": 20.394411188977653,
        "mean": 20.38418188175919,
        "p95": 20.560126517149726,
        "max": 20.560126517149726
      }
    },
    {
      "name": "round_core",
      "sample_count": 3,
      "iterations_per_sample": 1,
      "total_iterations": 3,
      "latency_ns_per_op": {
        "min": 231690875.0,
        "median": 232101167.0,
        "mean": 232045097.33333334,
        "p95": 232343250.0,
        "max": 232343250.0
      },
      "throughput_ops_per_sec": {
        "min": 4.303976982331099,
        "median": 4.3084660578203815,
        "mean": 4.309512928753821,
        "p95": 4.316095746109984,
        "max": 4.316095746109984
      }
    },
    {
      "name": "output_projector",
      "sample_count": 3,
      "iterations_per_sample": 1,
      "total_iterations": 3,
      "latency_ns_per_op": {
        "min": 44576167.0,
        "median": 44692458.0,
        "mean": 45078180.666666664,
        "p95": 45965917.0,
        "max": 45965917.0
      },
      "throughput_ops_per_sec": {
        "min": 21.755249655957044,
        "median": 22.37513989496841,
        "mean": 22.18796735332514,
        "p95": 22.433512509049958,
        "max": 22.433512509049958
      }
    },
    {
      "name": "total_hidden_eval",
      "sample_count": 3,
      "iterations_per_sample": 1,
      "total_iterations": 3,
      "latency_ns_per_op": {
        "min": 386333083.0,
        "median": 387867000.0,
        "mean": 387383083.3333333,
        "p95": 387949167.0,
        "max": 387949167.0
      },
      "throughput_ops_per_sec": {
        "min": 2.577657293951607,
        "median": 2.5782033532112814,
        "mean": 2.581433544429168,
        "p95": 2.588439986124616,
        "max": 2.588439986124616
      }
    }
  ],
  "substage_timings": [
    {
      "name": "message_schedule_accumulation",
      "sample_count": 3,
      "iterations_per_sample": 1,
      "total_iterations": 3,
      "latency_ns_per_op": {
        "min": 35752630.0,
        "median": 35916709.0,
        "mean": 36023029.666666664,
        "p95": 36399750.0,
        "max": 36399750.0
      },
      "throughput_ops_per_sec": {
        "min": 27.472716158764825,
        "median": 27.842194561868126,
        "mean": 27.761627013899147,
        "p95": 27.96997032106449,
        "max": 27.96997032106449
      }
    },
    {
      "name": "message_schedule_accumulation_xor_ab",
      "sample_count": 3,
      "iterations_per_sample": 1,
      "total_iterations": 3,
      "latency_ns_per_op": {
        "min": 0.0,
        "median": 0.0,
        "mean": 0.0,