{
  "report_version": "ddh_hidden_eval_benchmark_v0",
  "fixture_name": "wraparound-seed",
  "artifact_bytes": 138256,
  "active_window_records": 180,
  "total_steps": 180,
  "curve_cost_units": 62748,
  "evaluator_ops": {
    "recoded_scalar_digits": 1248,
    "precomputed_window_bits_loaded": 16576,
    "bucket_accumulations": 3296,
    "bucket_reductions": 3980,
    "accumulator_curve_additions": 712,
    "dependency_merges": 448,
    "point_normalizations": 184
  },
  "prepare_duration_ns": 105780292,
  "config": {
    "fixture_name": "wraparound-seed",
    "primitive_warmup_iterations": 1000,
    "primitive_sample_iterations": 10000,
    "stage_warmup_iterations": 0,
    "stage_sample_iterations": 1,
    "sample_count": 10
  },
  "primitive_timings": [
    {
      "name": "share_bit",
      "sample_count": 10,
      "iterations_per_sample": 10000,
      "total_iterations": 100000,
      "latency_ns_per_op": {
        "min": 5376.2542,
        "median": 5402.61875,
        "mean": 5438.8591799999995,
        "p95": 5676.3083,
        "max": 5676.3083
      },
      "throughput_ops_per_sec": {
        "min": 176170.83976922114,
        "median": 185095.45608050175,
        "mean": 183905.5386886494,
        "p95": 186003.10974879126,
        "max": 186003.10974879126
      }
    },
    {
      "name": "share_byte",
      "sample_count": 10,
      "iterations_per_sample": 10000,
      "total_iterations": 100000,
      "latency_ns_per_op": {
        "min": 39021.6542,
        "median": 39445.14995,
        "mean": 39501.08458000001,
        "p95": 40059.7541,
        "max": 40059.7541
      },
      "throughput_ops_per_sec": {
        "min": 24962.709394164754,
        "median": 25351.660025651916,
        "mean": 25317.59168848418,
        "p95": 25626.796723548436,
        "max": 25626.796723548436
      }
    },
    {
      "name": "eval_add_bit",
      "sample_count": 10,
      "iterations_per_sample": 10000,
      "total_iterations": 100000,
      "latency_ns_per_op": {
        "min": 416.7541,
        "median": 426.2917,
        "mean": 427.14165999999994,
        "p95": 441.7541,
        "max": 441.7541
      },
      "throughput_ops_per_sec": {
        "min": 2263702.815661473,
        "median": 2345821.168011951,
        "mean": 2341878.7623327645,
        "p95": 2399496.4896566104,
        "max": 2399496.4896566104
      }
    },
    {
      "name": "eval_mul_bit",
      "sample_count": 10,
      "iterations_per_sample": 10000,
      "total_iterations": 100000,
      "latency_ns_per_op": {
        "min": 1881.2667,
        "median": 1907.81665,
        "mean": 1918.37497,
        "p95": 1997.225,
        "max": 1997.225
      },
      "throughput_ops_per_sec": {
        "min": 500694.71391555783,
        "median": 524159.9648315478,
        "mean": 521407.5592218183,
        "p95": 531556.743124194,
        "max": 531556.743124194
      }
    },
    {
      "name": "eval_add_byte",
      "sample_count": 10,
      "iterations_per_sample": 10000,
      "total_iterations": 100000,
      "latency_ns_per_op": {
        "min": 1517.6125,
        "median": 1551.16455,
        "mean": 1547.18249,
        "p95": 1567.1708,
        "max": 1567.1708
      },
      "throughput_ops_per_sec": {
        "min": 638092.5423061736,
        "median": 644679.8810438684,
        "mean": 646406.8923125793,
        "p95": 658929.7333805567,
        "max": 658929.7333805567
      }
    },
    {
      "name": "eval_mul_byte",
      "sample_count": 10,
      "iterations_per_sample": 10000,
      "total_iterations": 100000,
      "latency_ns_per_op": {
        "min": 1878.7708,
        "median": 1915.5625,
        "mean": 1911.44583,
        "p95": 1928.175,
        "max": 1928.175
      },
      "throughput_ops_per_sec": {
        "min": 518625.12479417067,
        "median": 522040.4187323586,
        "mean": 523204.0045538864,
        "p95": 532262.9029576146,
        "max": 532262.9029576146
      }
    }
  ],
  "stage_timings": [
    {
      "name": "input_sharing",
      "sample_count": 10,
      "iterations_per_sample": 1,
      "total_iterations": 10,
      "latency_ns_per_op": {
        "min": 1855333.0,
        "median": 1861874.5,
        "mean": 1877445.8,
        "p95": 1986250.0,
        "max": 1986250.0
      },
      "throughput_ops_per_sec": {
        "min": 503.46129641283824,
        "median": 537.0931812083516,
        "mean": 532.8494179201291,
        "p95": 538.9868018301836,
        "max": 538.9868018301836
      }
    },
    {
      "name": "add_stage",
      "sample_count": 10,
      "iterations_per_sample": 1,
      "total_iterations": 10,
      "latency_ns_per_op": {
        "min": 1601792.0,
        "median": 1615374.5,
        "mean": 1618270.9,
        "p95": 1658792.0,
        "max": 1658792.0
      },
      "throughput_ops_per_sec": {
        "min": 602.8483378265629,
        "median": 619.0519173474936,
        "mean": 618.0007157504658,
        "p95": 624.3007831229023,
        "max": 624.3007831229023
      }
    },
    {
      "name": "message_schedule",
      "sample_count": 10,
      "iterations_per_sample": 1,
      "total_iterations": 10,
      "latency_ns_per_op": {
        "min": 39825958.0,
        "median": 40513916.5,
        "mean": 40504062.5,
        "p95": 41311917.0,
        "max": 41311917.0
      },
      "throughput_ops_per_sec": {
        "min": 24.20609046053225,
        "median": 24.682903458075398,
        "mean": 24.691478651923855,
        "p95": 25.109251609214272,
        "max": 25.109251609214272
      }
    },
    {
      "name": "round_core",
      "sample_count": 10,
      "iterations_per_sample": 1,
      "total_iterations": 10,
      "latency_ns_per_op": {
        "min": 127470792.0,
        "median": 128659396.0,
        "mean": 128924912.6,
        "p95": 131592666.0,
        "max": 131592666.0
      },
      "throughput_ops_per_sec": {
        "min": 7.599207694447045,
        "median": 7.77250712023849,
        "mean": 7.757063421600092,
        "p95": 7.844934390930905,
        "max": 7.844934390930905
      }
    },
    {
      "name": "output_projector",
      "sample_count": 10,
      "iterations_per_sample": 1,
      "total_iterations": 10,
      "latency_ns_per_op": {
        "min": 28865833.0,
        "median": 29448667.0,
        "mean": 29361125.1,
        "p95": 29625417.0,
        "max": 29625417.0
      },
      "throughput_ops_per_sec": {
        "min": 33.75479913075991,
        "median": 33.95755878391552,
        "mean": 34.06092341630338,
        "p95": 34.64303282015108,
        "max": 34.64303282015108
      }
    },
    {
      "name": "total_hidden_eval",
      "sample_count": 10,
      "iterations_per_sample": 1,
      "total_iterations": 10,
      "latency_ns_per_op": {
        "min": 267798792.0,
        "median": 269286979.5,
        "mean": 269654233.4,
        "p95": 271783791.0,
        "max": 271783791.0
      },
      "throughput_ops_per_sec": {
        "min": 3.6793952881465253,
        "median": 3.713513725640281,
        "mean": 3.7085236352204283,
        "p95": 3.734146791819733,
        "max": 3.734146791819733
      }
    }
  ],
  "substage_timings": [
    {
      "name": "message_schedule_accumulation",
      "sample_count": 10,
      "iterations_per_sample": 1,
      "total_iterations": 10,
      "latency_ns_per_op": {
        "min": 32811496.0,
        "median": 33361832.5,
        "mean": 33354713.3,
        "p95": 34054626.0,
        "max": 34054626.0
      },
      "throughput_ops_per_sec": {
        "min": 29.364586179862908,
        "median": 29.97438506383194,
        "mean": 29.983991293003037,
        "p95": 30.477123018103168,
        "max": 30.477123018103168
      }
    },
    {
      "name": "round_temp1",
      "sample_count": 10,
      "iterations_per_sample": 1,
      "total_iterations": 10,
      "latency_ns_per_op": {
        "min": 55125169.0,
        "median": 55565144.5,
        "mean": 55700805.7,
        "p95": 56857209.0,