{
  "report_version": "prime_order_cpu_executor_benchmark_v0",
  "fixture_name": "wraparound-seed",
  "artifact_bytes": 138256,
  "total_steps": 180,
  "curve_cost_units": 62748,
  "evaluator_ops": {
    "recoded_scalar_digits": 1248,
    "precomputed_window_bits_loaded": 16576,
    "bucket_accumulations": 3296,
    "bucket_reductions": 3980,
    "accumulator_curve_additions": 712,
    "dependency_merges": 448,
    "point_normalizations": 184
  },
  "compile_duration_ns": 46230625,
  "sample_iterations": 20,
  "sample_count": 8,
  "execution_latency_ns": {
    "min": 1998812.5,
    "median": 2021403.125,
    "mean": 2041554.94375,
    "p95": 2145497.9,
    "max": 2145497.9
  },
  "throughput_execs_per_sec": {
    "min": 466.092276296332,
    "median": 494.7063772909545,
    "mean": 490.0683502820609,
    "p95": 500.2970513742535,
    "max": 500.2970513742535
  },
  "latency_ns_per_curve_cost_unit": {
    "min": 31.854600943456365,
    "median": 32.214622378402495,
    "mean": 32.53577713632307,
    "p95": 34.19229138777332,
    "max": 34.19229138777332
  },
  "output_checksum_hex": "eadc05589e7e647a",
  "final_point_compressed_hex": "822fc83ea4e67c246d0a542d6cce294db092fa5573c9dd395d2cfd977c652938"
}